Date,WindSpeed
39783,15.85714286
39784,15.9047619
39785,16.18181818
39786,14.13043478
39787,14.13636364
39788,13.18181818
39789,15.08695652
39790,12.85714286
39791,11.22727273
39792,18.28571429
39793,15.63636364
39794,13.57142857
39795,19.7826087
39796,22.40909091
39798,11.90909091
39799,10.13636364
39800,10.81818182
39801,16.2173913
39802,18.04545455
39803,15
39804,17
39805,16.30434783
39806,12.65217391
39807,10.23809524
39808,11.60869565
39809,11.17391304
39810,15.13043478
39811,15.86956522
39812,17.26086957
39813,15.56521739
39814,18.11111111
39815,16.75555556
39816,14.81395349
39817,13.88636364
39818,12.68888889
39819,13.46666667
39820,14.20930233
39821,19.34090909
39822,20.17777778
39823,14.54545455
39824,13.22222222
39825,12.84444444
39826,16.35555556
39827,14.86666667
39828,18.27272727
39829,18.04545455
39830,19.6
39831,12.22222222
39832,14.26666667
39833,12.86363636
39834,12.51111111
39835,21.81818182
39836,12.90909091
39837,17.15555556
39838,13.31111111
39839,12.52272727
39840,13.15555556
39841,14.20454545
39842,14.95454545
39843,13.25
39844,13.28888889
39845,14.46666667
39846,12.68888889
39847,13.38636364
39848,13.44186047
39849,11.57142857
39850,12.37777778
39851,16.66666667
39852,15.72727273
39853,19.8372093
39854,17.20454545
39855,19.75555556
39856,18.77777778
39857,19.48888889
39858,18.06666667
39859,14.13636364
39860,17.61363636
39861,15.15909091
39862,13.66666667
39863,11.22222222
39864,11.75555556
39865,12.34090909
39866,15.42222222
39867,12.33333333
39868,13.79545455
39869,12.04444444
39870,15.22727273
39871,15.22222222
39872,13.11111111
39873,12.69767442
39874,14.82222222
39875,17.53333333
39876,18.70454545
39877,18.38636364
39878,10.17777778
39879,13.33333333
39880,14.77777778
39881,14.19565217
39882,13.77777778
39883,15.19565217
39884,11.57777778
39885,9.543478261
39886,14.97777778
39887,15.95652174
39888,12.46666667
39889,12.08888889
39890,11.32608696
39891,10.7173913
39892,9.720930233
39893,11.48837209
39894,11.2826087
39895,10.70454545
39896,10.26666667
39897,10.04347826
39898,11.73333333
39899,11.84782609
39900,12.53333333
39901,12.73913043
39902,15.42222222
39903,16.62222222
39904,14.91111111
39905,14.54347826
39906,13.5
39907,12.13043478
39908,14.17391304
39909,17.63043478
39910,17.44444444
39911,12.77272727
39912,9.52173913
39913,10.69565217
39914,9.644444444
39915,10.8
39916,10.89130435
39917,11.86666667
39918,19.55555556
39919,13.13043478
39920,12.20454545
39921,12.29545455
39922,16.54347826
39923,15.06666667
39924,15.02173913
39925,15.34782609
39926,16.32608696
39927,14.86956522
39928,16.56521739
39929,21.37777778
39930,14.23913043
39931,12.97826087
39932,9.608695652
39933,12.28888889
39934,11.89130435
39935,10.36956522
39936,9.913043478
39937,10.89130435
39938,11
39939,10.04347826
39940,11.93478261
39941,12.34782609
39942,11.65217391
39943,12.32608696
39944,9.956521739
39945,9.869565217
39946,10.19565217
39947,15
39948,16.65217391
39949,19.58695652
39950,9.688888889
39951,9.543478261
39952,10.84444444
39953,13.69565217
39954,18.63636364
39955,18.70454545
39956,21.80952381
39957,15.44444444
39958,12.88888889
39959,11.29545455
39960,9.444444444
39961,10.60869565
39962,11.60869565
39963,13.93478261
39964,13.41304348
39965,10.5
39966,10.53333333
39967,8.173913043
39968,11.56521739
39969,9.688888889
39970,11.17777778
39971,11.08695652
39972,13.34782609
39973,16.36956522
39974,18.06818182
39975,10.59090909
39976,13.19565217
39977,13.51111111
39978,10.88888889
39979,8.340909091
39980,12.24444444
39981,9.755555556
39982,10.67391304
39983,13.57777778
39984,14.84444444
39985,11.73333333
39986,11.63043478
39987,12.39130435
39988,11.54347826
39989,10.22222222
39990,10.3255814
39991,8.340909091
39992,12.62222222
39993,16.15555556
39994,19.81818182
39995,17.04444444
39996,13.95652174
39997,20.97826087
39998,14.19565217
39999,11.33333333
40000,11.8
40001,10.31111111
40002,11.04347826
40003,11.82608696
40004,15.71111111
40005,16.22222222
40006,15.2173913
40007,13.32608696
40008,12.65217391
40009,11.19565217
40010,11.06521739
40011,14.46666667
40012,13.33333333
40013,12.93181818
40014,19.04347826
40015,14.04347826
40016,16.82608696
40017,12.08695652
40018,10.57777778
40019,13.42222222
40020,12.17391304
40021,13.34782609
40022,13.06666667
40023,13.04347826
40024,11.33333333
40025,11.54347826
40026,11.86363636
40027,11.24444444
40028,12.48888889
40029,12.02222222
40030,11.2
40031,15.43181818
40032,16.77272727
40033,13.61363636
40034,12.22222222
40035,12.33333333
40036,12.02222222
40037,12.04444444
40038,11.97727273
40039,11.4047619
40040,18.22727273
40041,20.62222222
40042,18.52272727
40043,13.75
40044,14.06818182
40045,12.15555556
40046,19.11363636
40047,13.86363636
40048,17.27272727
40049,20.39534884
40050,21
40051,19.4
40052,15.08888889
40053,13.15909091
40054,16.36363636
40055,21.45454545
40056,18.37777778
40057,12.38636364
40058,16.84444444
40059,15.34090909
40060,14.59090909
40061,16.74418605
40062,13.28888889
40063,14.59090909
40064,14.37777778
40065,16.8
40067,20.28571429
40068,19.74418605
40069,15.25581395
40070,17.54761905
40071,12.51219512
40072,16.41860465
40073,15.70454545
40074,14.6097561
40075,15.17073171
40076,12.93023256
40077,13.55813953
40078,18.34883721
40079,27.65116279
40080,21.52272727
40081,19.15909091
40082,26.60465116
40083,28.79545455
40084,19.33333333
40085,12.24444444
40086,18.59090909
40087,14.77272727
40088,15.48837209
40089,18.88636364
40090,9.75
40091,11.64285714
40092,14.6744186
40093,17.26190476
40094,19.27906977
40095,17.0952381
40096,17.37209302
40097,15.31818182
40098,17.34090909
40099,20.75555556
40100,20.15555556
40101,17.15555556
40102,18.34090909
40103,13.68181818
40104,13.33333333
40105,13.29545455
40106,16.11363636
40107,14.56818182
40108,14.4
40109,13.45454545
40110,15.04651163
40111,17.11363636
40112,19.34883721
40113,15.97674419
40114,14.56818182
40115,14.31818182
40116,12.97727273
40117,15.11363636
40118,15.68181818
40119,14.70454545
40120,19.86666667
40121,16.31818182
40122,14.81818182
40123,15.69767442
40124,15.44186047
40125,16.02325581
40126,15.45454545
40127,11.34090909
40128,10.76744186
40129,10.8372093
40130,16.8372093
40131,14.11363636
40132,12.15909091
40133,14.36363636
40134,16.02222222
40135,14.77777778
40136,16
40137,13.44186047
40138,11.27272727
40139,17.17777778
40140,20.34090909
40141,16.22727273
40142,14.93333333
40143,16.13333333
40144,16.46666667
40145,18.06666667
40146,17.52272727
40147,17.79545455
40148,19.79545455
40149,17.37777778
40150,17.64444444
40151,17.37777778
40152,15.57777778
40153,13
40154,14.22222222
40155,14.46666667
40156,16.76744186
40157,16.17777778
40158,18.23684211
40159,17.13513514
40160,14.2
40161,14.35555556
40162,12.97727273
40163,16.95555556
40164,15.93181818
40165,16.51111111
40166,14.55555556
40167,12.84444444
40168,12.28888889
40169,12.95555556
40170,16.04545455
40171,15.66666667
40172,14.91111111
40173,15.75555556
40174,13.59090909
40175,13.30232558
40176,15.5
40177,17.9047619
40178,16.53333333
40179,12.65909091
40180,17.1627907
40181,16.76744186
40182,14.22727273
40183,15.37777778
40184,13
40185,14.93023256
40186,13.83333333
40187,13.3255814
40188,12.04545455
40189,16.79545455
40190,16.39534884
40191,16.27906977
40192,14.81395349
40193,15.35714286
40194,14.70454545
40195,17.70454545
40196,18.86363636
40197,14.28888889
40198,11.95454545
40199,11.18181818
40200,14
40201,19.13333333
40202,14.85714286
40203,12.97674419
40204,12.43181818
40205,16.55555556
40206,13.33333333
40207,15.05263158
40208,19.51219512
40209,20
40210,15.91111111
40211,18.76744186
40212,21.30952381
40213,17.02325581
40214,14.47619048
40215,19.07142857
40216,12.22727273
40217,11.68181818
40219,10.95121951
40221,12.52380952
40222,14.02325581
40223,12.61363636
40224,14.51162791
40225,16.29545455
40227,16.37209302
40228,15.68292683
40229,15.14285714
40230,13.34090909
40231,14.71428571
40232,15.81395349
40233,14.76744186
40234,15.57142857
40236,16.57142857
40237,17.33333333
40239,18.45454545
40240,14.11111111
40241,12.46666667
40242,13.73333333
40243,11.82222222
40244,14.97727273
40245,15.75
40246,19.06976744
40248,18.25581395
40249,16.30952381
40250,14.78571429
40251,12.82222222
40252,12.11111111
40253,11.79545455
40254,12.79069767
40255,10.48888889
40256,11.18604651
40257,10.81395349
40258,12.89130435
40259,11.71111111
40260,13.11363636
40261,10.75555556
40262,9.956521739
40263,12.48888889
40264,11.70454545
40265,11.71111111
40266,12.10869565
40267,12.27272727
40268,14.62790698
40269,12.25
40270,14.09090909
40271,14.06818182
40272,16.17777778
40273,11.95454545
40274,11.82222222
40275,11.68181818
40276,13.9047619
40277,10.51162791
40278,10.97727273
40279,18.51111111
40280,18.13333333
40281,13.54347826
40282,13.54347826
40283,10.97777778
40284,11.48888889
40285,11.66666667
40286,13
40287,10.42222222
40288,10.5
40289,10.29545455
40290,9.727272727
40291,12.18604651
40292,15.26190476
40293,14.13953488
40294,14.06666667
40295,10.95555556
40296,14.66666667
40297,13.47727273
40298,10.81395349
40299,13.38636364
40300,12.22727273
40301,11.33333333
40302,15.56521739
40303,13.41860465
40304,12.83333333
40305,13.86363636
40306,9.318181818
40307,12.04761905
40308,13.88636364
40309,13.75555556
40310,14.58695652
40311,11.52173913
40312,10.73913043
40313,9.333333333
40314,9.377777778
40315,8.177777778
40316,9.204545455
40317,9.155555556
40318,7.869565217
40319,8.8
40320,9.681818182
40321,15.2
40322,11.13333333
40323,9.534883721
40324,11.69767442
40325,11.44186047
40326,10.68292683
40327,11.51162791
40328,18.52272727
40329,16.86666667
40330,8.111111111
40331,7.977777778
40332,10.37777778
40333,12.02272727
40334,13.06818182
40335,13.42222222
40336,10.09090909
40337,11
40338,12.39534884
40339,14.93181818
40340,10.06818182
40341,11.11111111
40342,10.52272727
40343,8.931818182
40344,10.27906977
40345,12.06976744
40346,18.20930233
40347,11.88095238
40348,12.52380952
40349,9.953488372
40350,8.523809524
40351,11.95348837
40352,11.7804878
40353,11
40354,12.53333333
40355,11.90909091
40356,8.906976744
40357,11.06976744
40358,13.30232558
40359,10.06818182
40360,10.19047619
40361,10.6744186
40362,11.16666667
40363,10.18604651
40364,9.813953488
40365,8.644444444
40366,11.18604651
40367,10.1627907
40368,12.64285714
40369,17.64285714
40370,15.42222222
40371,13.34090909
40372,12.25581395
40373,18.36363636
40374,13.69565217
40375,10.72727273
40376,10.95454545
40377,13.75555556
40378,6.844444444
40379,9.822222222
40380,9.454545455
40381,11.04347826
40382,10.06818182
40383,10.51111111
40384,9.111111111
40385,10.26666667
40386,11
40387,10.4
40388,10.8
40389,11.86046512
40390,12.45238095
40391,15.6
40392,17.5
40393,17.16666667
40395,12.65909091
40396,10.97727273
40397,10.51162791
40398,12.04545455
40399,9.772727273
40400,14.40909091
40401,18.81818182
40402,22.46511628
40403,14.35714286
40404,17.525
40405,16.16666667
40406,19.73333333
40407,10.91111111
40408,15.95454545
40409,16.39534884
40410,17.44444444
40411,15.15555556
40412,14.43478261
40413,13.51111111
40414,17.1627907
40415,18.11111111
40416,18.52173913
40417,19.48888889
40418,10.91111111
40419,10.41304348
40420,10.3255814
40421,13.54545455
40422,13.34883721
40423,13.02439024
40424,16.14634146
40425,19.30952381
40426,24.30232558
40427,13.20454545
40428,13.09090909
40429,14.70454545
40430,13.54545455
40431,14.20930233
40432,13.92682927
40433,15.23255814
40434,11.88636364
40435,12.39534884
40436,19.52380952
40437,21.86363636
40438,17.95454545
40439,15.84090909
40440,12.64444444
40441,14.04444444
40442,13.55555556
40443,11.25
40444,12.77777778
40445,10.95555556
40446,14.40909091
40447,10.81818182
40448,16.02222222
40449,17.24444444
40450,16.15909091
40451,13.34090909
40452,11.77777778
40453,14.53333333
40454,14.3255814
40455,16.20454545
40456,12.22727273
40457,12.24444444
40458,15.53333333
40459,12.08888889
40460,12.97674419
40461,16.75
40462,21.84444444
40463,16.72727273
40464,12.75
40465,15.61363636
40466,22.15909091
40467,24.13636364
40468,16.6
40469,15.68888889
40470,12.91111111
40471,12.09090909
40472,11.97777778
40473,13.28888889
40474,13.66666667
40475,15.48888889
40476,12.51111111
40477,12.08888889
40478,13.51111111
40479,18.68888889
40480,16.91304348
40481,13.86956522
40482,17.97826087
40483,15.23913043
40484,17.56521739
40485,15.06521739
40486,16.23913043
40487,16.23913043
40488,16.54347826
40489,15.23913043
40490,12.89130435
40491,13.31111111
40492,12.84444444
40493,12.15217391
40494,16.37777778
40495,16.23913043
40496,15.15217391
40497,13.80434783
40498,12.47826087
40499,13.7173913
40500,12.32608696
40501,19.84444444
40502,12.8
40503,13.39130435
40504,14.04347826
40505,18.56521739
40506,16.34782609
40507,12.80434783
40508,12.80434783
40509,14.75555556
40510,19.55555556
40511,19.08888889
40512,16.2173913
40513,16.54347826
40514,14.19565217
40515,13.65909091
40516,13.28888889
40517,12.39130435
40518,13
40519,18.39130435
40520,19.30434783
40521,14.08888889
40522,18.2
40523,16.17391304
40524,16.60869565
40525,12.5
40526,15.2173913
40527,17.10869565
40528,14.81818182
40529,14.13636364
40530,17.09090909
40531,15.18181818
40532,23.59090909
40533,18.15909091
40534,13.72727273
40535,14.63043478
40536,17.68888889
40537,12.4
40538,17.93333333
40539,17.71111111
40540,16.13333333
40541,14.24444444
40542,10.86956522
40543,14.44186047
40544,15.95555556
40545,14.8
40546,15.91111111
40547,15.64444444
40548,12.40909091
40549,15.46511628
40550,16.15909091
40551,14.38095238
40552,17.11111111
40553,19.27272727
40554,16.44444444
40555,16.68888889
40556,15.97826087
40557,18.62222222
40558,11.06666667
40559,12.4
40560,15.7173913
40561,12.86956522
40562,11.68888889
40563,15.60869565
40564,14.26666667
40565,14.18181818
40566,13.97777778
40567,14.88888889
40568,9.954545455
40569,12.17777778
40570,12.13333333
40571,15.8372093
40572,14.72093023
40573,16.08888889
40574,11.06818182
40575,13.84444444
40576,12.77272727
40577,15.13953488
40578,12.93181818
40579,17.80952381
40580,19.10869565
40581,15.15555556
40582,14.73333333
40583,13.73333333
40584,13.26666667
40585,14.34090909
40586,17.59090909
40587,14.08695652
40588,17.41304348
40589,13.77777778
40590,12.52173913
40591,11.44444444
40592,13.47619048
40593,18.88372093
40594,16.93478261
40595,16.63043478
40596,17.30434783
40597,14.02222222
40598,12.22727273
40599,9.822222222
40600,7.818181818
40601,12.15217391
40602,12.41304348
40603,19.65217391
40604,14.06521739
40605,14.58695652
40606,12.93478261
40607,18.13333333
40608,17.22222222
40609,15.95555556
40610,13.39130435
40611,10.26086957
40612,11.82608696
40613,11.5
40614,10.23913043
40615,13.75555556
40616,14.75
40617,12.2
40618,13.22222222
40619,12.4
40620,12.48888889
40621,14.33333333
40622,13.31111111
40623,12.30434783
40624,10.02222222
40625,12.7173913
40626,16.32608696
40627,16.26086957
40628,15.82222222
40629,12.54347826
40630,10.26666667
40631,11
40632,12.02222222
40633,13.2
40664,8.456521739
40665,8.282608696
40666,7.608695652
40667,10.67391304
40668,13.06666667
40669,11.95555556
40670,9.777777778
40671,8.866666667
40672,11.75
40673,14.89130435
40674,15.69565217
40675,15.30434783
40676,13.93333333
40677,14.71111111
40678,12
40679,11.32608696
40680,9.086956522
40681,10.71111111
40682,12.47727273
40683,11.06976744
40684,11.76744186
40685,12.97777778
40686,13.79545455
40687,15.84090909
40688,19.15555556
40689,12.06666667
40690,9.318181818
40691,7.933333333
40692,8.260869565
40693,13.73913043
40694,14.32608696
40695,12.7173913
40696,12.86666667
40697,10.39534884
40698,11
40699,11.80434783
40700,10.60869565
40701,14.95454545
40702,16.25581395
40703,15.36363636
40704,13.77272727
40705,12.97777778
40706,14.93333333
40707,16.64444444
40708,18.58695652
40709,16.63043478
40710,15.13333333
40711,14.37209302
40712,14.38095238
40713,11.88888889
40714,16.10869565
40715,15.68888889
40716,15.57777778
40717,12.73333333
40718,11.88636364
40719,11.34090909
40720,13.41304348
40721,10.54347826
40722,11.56521739
40723,12.08695652
40724,13.53333333
40725,14.04444444
40726,13.93333333
40727,12.2826087
40728,15.7826087
40729,22.58695652
40730,15.95652174
40731,17.10869565
40732,12.24444444
40733,15.35555556
40734,21.75555556
40735,14.26086957
40736,13.76086957
40737,12.29545455
40738,10.34883721
40739,12.72727273
40740,9.066666667
40741,11.34782609
40742,10.64444444
40743,12.47826087
40744,18.57777778
40745,14.06818182
40746,15.54761905
40747,11.2
40748,11.2826087
40749,9.130434783
40750,9.644444444
40751,9.777777778
40752,15.84090909
40753,13.55555556
40754,12.48888889
40755,12.68888889
40756,14.28888889
40757,12.95454545
40758,12.75555556
40759,12.66666667
40760,12.16666667
40761,12.06976744
40762,9.727272727
40763,10.25581395
40764,11.06976744
40765,11.22727273
40766,10.64444444
40767,13.04878049
40768,10.35714286
40769,10.55555556
40770,12.39130435
40771,15.31818182
40772,15.67391304
40773,19.48888889
40774,13.52272727
40775,14.90909091
40776,16.46666667
40777,15.36956522
40778,14.84782609
40779,13.89130435
40780,15.7826087
40781,10.15909091
40782,9.727272727
40783,10.39130435
40784,12.60869565
40785,11.52173913
40786,9.311111111
40787,9.911111111
40788,16.22727273
40789,17.24444444
40790,15.82222222
40791,11.68181818
40792,18.28888889
40793,14.63636364
40794,12.58139535
40795,16.45454545
40800,14.82222222
40801,11.02222222
40802,13.84444444
40803,12.95555556
40804,13.04347826
40805,20.60869565
40806,20.89130435
40807,15.26086957
40808,16.46666667
40809,17.11363636
40810,12.69767442
40811,17.77777778
40812,19.93478261
40813,16.4
40814,14.23913043
40815,19.19565217
40816,18.88095238
40817,15.02272727
40818,18.82222222
40819,15.08695652
40820,12.65217391
40821,10.95652174
40822,8.822222222
40823,7.697674419
40824,9.209302326
40825,14.32608696
40827,14.2173913
40828,11.23913043
40829,13
40830,14.55555556
40831,13.17777778
40832,18.7826087
40833,16.02173913
40834,13.93478261
40835,15.63043478
40836,14.32608696
40837,12.71111111
40838,10.93333333
40839,12.5
40840,16.08695652
40841,17.73913043
40842,16.34782609
40843,16.54347826
40844,17.13333333
40845,16.26666667
40846,17.13043478
40847,18.84444444
40848,14.86363636
40849,13.93333333
40850,13.62790698
40851,12.55813953
40852,14.46511628
40853,14.95652174
40854,13.44444444
40855,14.53333333
40856,14.2
40857,18.5
40858,12.02272727
40859,12.77272727
40860,13.68888889
40861,17.32608696
40862,13.76086957
40863,14.63043478
40864,12.84444444
40865,14.45454545
40866,13.88636364
40867,16.93478261
40868,12.95652174
40869,13.22222222
40870,19.32608696
40871,19.27272727
40872,13.29545455
40873,15.28888889
40874,16.58695652
40875,12.62222222
40876,17.10869565
40877,21.02222222
40878,20.08888889
40879,20.64444444
40880,15
40881,18.26666667
40882,18.91111111
40883,14.89130435
40884,13.86956522
40885,12.84782609
40886,15.15909091
40887,11.09090909
40888,12.84782609
40889,15.7173913
40890,19.57777778
40891,17.06666667
40892,15.52173913
40893,14.7826087
40894,15.19565217
40895,15.7173913
40896,13.93478261
40897,14.26666667
40898,15.15555556
40899,13.55555556
40900,12.43181818
40901,13.04444444
40902,15.91111111
40903,17.44444444
40904,18.06666667
40905,17.90909091
40906,15.97777778
40907,15.54347826
40908,14.43181818
40909,12.95454545
40910,14.5
40911,14.62222222
40912,17.7173913
40913,13.55555556
40914,18.02222222
40915,14.8
40916,15.15217391
40917,18.82608696
40918,16.08695652
40919,21.56521739
40920,17.93333333
40921,14.68181818
40922,16.31818182
40923,16.52173913
40924,17.77777778
40925,19.7173913
40926,12.69565217
40927,14.04444444
40928,14.44444444
40929,15.53333333
40930,19.43478261
40931,20.13043478
40932,16.13333333
40933,16.19565217
40934,16.06818182
40935,17.30232558
40936,13.25
40937,15.95652174
40938,22.2
40939,19.77272727
40940,19.63043478
40941,13.95555556
40942,13.02272727
40943,13.42222222
40944,17.06666667
40945,16.58695652
40946,14.7173913
40947,14.43478261
40948,14.43181818
40949,14.44186047
40950,13.86363636
40951,11.65217391
40952,11.45652174
40953,12.26086957
40954,12.84782609
40955,13.04444444
40956,12.43181818
40957,12.2
40958,10.5
40959,13.46666667
40960,15.08888889
40961,11.84782609
40962,10.65909091
40963,12.84090909
40964,14.95454545
40965,17.42222222
40966,12.41304348
40967,14.22222222
40968,16.75555556
40969,18.38636364
40970,19.13953488
40971,16.75
40972,13.77777778
40973,13.32608696
40974,16.86666667
40975,22.02222222
40976,17.75
40977,10.04651163
40978,10.09090909
40979,10.57777778
40980,9.911111111
40981,13.44186047
40982,12.95454545
40983,14.36363636
40984,12.51162791
40985,13.11363636
40986,15.52272727
40987,17.45454545
40988,18.25
40989,17.65909091
40990,14.25
40991,17.51162791
40992,16.09302326
40993,10.70454545
40994,9.837209302
40995,8.673913043
40996,9.760869565
40997,9.888888889
40998,11.35555556
40999,14.33333333
41000,11.58695652
41001,12.91111111
41002,13.19565217
41003,10.23913043
41004,10.08888889
41005,15.5
41006,14.11363636
41007,12.24444444
41008,15.47826087
41009,18.46666667
41010,17.04545455
41011,13.31111111
41012,11.6
41013,10.7826087
41014,10.88636364
41015,10.54347826
41016,12.41304348
41017,12.47826087
41018,8.844444444
41019,7.904761905
41020,11.3255814
41021,12.67391304
41022,12.45652174
41023,13.40909091
41024,19.31818182
41025,12.24444444
41026,9.651162791
41027,11.11363636
41028,13.86956522
41029,12.48888889
41030,14.65217391
41031,14.06521739
41032,12.6
41033,9.69047619
41034,11.21428571
41035,12.7173913
41036,12.95652174
41037,12.88888889
41038,12.65217391
41039,10.30434783
41040,12.46511628
41041,12.69767442
41042,18.02222222
41043,12
41044,10.86956522
41045,9.304347826
41046,9.659090909
41047,10.3255814
41048,8.674418605
41049,9.217391304
41050,11.32608696
41051,12.61363636
41052,14.31111111
41053,12.59090909
41054,14.9047619
41055,15.51162791
41056,10.5
41057,11.93181818
41058,11.48888889
41059,11.97826087
41060,11.81818182
41061,9.418604651
41062,8.727272727
41063,11.71111111
41064,13.56521739
41065,21.4
41066,18.82222222
41067,12.06976744
41068,8.954545455
41069,8.622222222
41070,10.88888889
41071,13.7173913
41072,15.69565217
41073,15.82608696
41074,13.66666667
41075,10.34883721
41076,9.857142857
41077,12.15555556
41078,10.22222222
41079,12.34782609
41080,14.04347826
41081,12.28888889
41082,15.48837209
41083,11.79069767
41084,12.64444444
41085,13.13043478
41086,12.7826087
41087,10.73913043
41088,12.43478261
41089,13.04347826
41090,10.86666667
41091,10.64444444
41092,13.40909091
41093,9.422222222
41094,10.93478261
41095,11.61363636
41096,11.37777778
41097,10.7826087
41098,12.43181818
41099,10.8
41100,11.57777778
41101,14.71428571
41102,10.74418605
41103,10.69767442
41104,12.65116279
41105,15.68888889
41106,13.67391304
41107,12.84090909
41108,10.86666667
41109,11.11111111
41110,10.84090909
41111,12.62222222
41112,11.04347826
41113,11.24444444
41114,10.54545455
41115,13.8
41116,12.73333333
41117,10.69767442
41118,13
41119,12.22727273
41120,13.44444444
41121,13.2
41122,8.6
41123,11.8
41124,10.22727273
41125,10.90697674
41126,15.2
41127,14.88636364
41128,12.13636364
41129,15.17777778
41130,15.24444444
41131,17.04545455
41132,17.74418605
41133,15.35555556
41134,12.4
41135,13.28888889
41136,12.68888889
41137,12.44444444
41138,18.60465116
41139,17.86046512
41140,9.909090909
41141,11.91111111
41142,15.65909091
41143,15.77777778
41144,18.97727273
41145,19.04651163
41146,13.65116279
41147,13.93181818
41148,11.8372093
41149,15.38636364
41150,14.55555556
41151,19.68888889
41152,17.47727273
41153,12.25
41154,13.84444444
41155,12.15555556
41156,14.36363636
41157,20.95348837
41158,21.02222222
41159,23.20454545
41160,21.56818182
41161,13.86666667
41162,11.55555556
41163,10.86666667
41164,15.15555556
41165,19.13636364
41166,14.77272727
41167,11.65909091
41168,12.73333333
41169,11.77777778
41170,12.24444444
41171,9.795454545
41172,13.13333333
41173,15.90697674
41174,14.76744186
41175,16.37777778
41176,18.15555556
41177,12.93333333
41178,17.33333333
41179,16.70454545
41180,18.46666667
41181,22.06666667
41182,16.34090909
41183,14.13636364
41184,13.88888889
41185,15.46666667
41186,17.29545455
41188,14.19512195
41189,15.11111111
41190,11.26666667
41191,12.91111111
41192,13.86666667
41193,14.31818182
41194,22.25581395
41195,13.81818182
41196,11.8
41197,15.24444444
41198,13.82222222
41199,17
41200,11.44186047
41201,12.61904762
41202,14.26190476
41203,14.76086957
41204,15.45652174
41205,22.23913043
41206,17.13043478
41207,17.45652174
41208,15.15555556
41209,15.2
41210,13.80434783
41211,11.91304348
41212,12.33333333
41213,14.44444444
41214,18.95652174
41215,19.62222222
41216,14.17777778
41217,14.17391304
41218,15.82608696
41219,14.34782609
41220,12.04347826
41221,13.34782609
41222,17.69565217
41223,15.36956522
41224,18.7826087
41225,18.34782609
41226,16.45652174
41227,11.36956522
41228,12.82608696
41229,13.82608696
41230,12.47826087
41231,13.97826087
41232,15.23913043
41233,21.45652174
41234,17.28888889
41235,17.2
41236,13.37777778
41237,13.88888889
41238,13.15555556
41239,13.24444444
41240,14.19565217
41241,14.22222222
41242,17.26666667
41243,13.77272727
41275,14.6
41276,14.80434783
41277,13.91304348
41278,19.27272727
41279,15.34782609
41280,15.75555556
41281,14.68888889
41282,16.31111111
41283,22.6
41284,14.37209302
41285,16.43181818
41286,15.63636364
41287,13.88636364
41288,17.93478261
41289,13.2173913
41290,12.76086957
41291,14.04444444
41292,15.77777778
41293,17.7173913
41294,14.04444444
41295,11.58695652
41296,14.58695652
41297,18.23913043
41298,16.06666667
41299,16.0952381
41300,17.69767442
41301,16.45454545
41302,17.76086957
41303,16.63043478
41304,12.44444444
41305,12.29545455
41334,21.6875
41335,19.63265306
41336,15.69387755
41337,16.24489796
41338,16.77083333
41339,14.22916667
41340,13.63265306
41341,12.06382979
41342,13.17021277
41343,11.14285714
41344,10.95833333
41345,14.75510204
41346,16.63265306
41347,13.65306122
41348,12.91111111
41349,11.9375
41350,19.63265306
41351,13.02040816
41352,11.59183673
41353,13.58333333
41354,17.60416667
41355,13.58333333
41356,13.63829787
41357,13.28571429
41358,9.163265306
41359,13.10204082
41360,15.10638298
41361,13.36956522
41362,13.34090909
41363,10.33333333
41364,11.78723404
41365,11.02040816
41366,12
41367,13.18367347
41368,14.70833333
41369,11.5106383
41370,10.93617021
41371,12.91836735
41372,11.77083333
41373,11.04081633
41374,10.55102041
41375,12
41376,10.43478261
41377,12.25531915
41378,8.479166667
41379,9.425531915
41380,11.375
41381,9.25
41382,10.97826087
41383,18.34090909
41384,16.47826087
41385,13.32653061
41386,12.44897959
41387,10.65306122
41388,10.52083333
41389,11.53061224
41390,12.47916667
41391,14.52083333
41392,11.25
41393,8.918367347
41394,10.33333333
41395,10.63265306
41396,15.10416667
41397,15.70212766
41398,14.28888889
41399,12.97916667
41400,11.97959184
41404,12.53333333
41405,14.34042553
41406,12.54166667
41407,12.46938776
41408,14.08333333
41409,13.25
41410,14.65957447
41411,14.06666667
41412,10.63636364
41413,10
41414,12.54166667
41415,11.7173913
41416,10.14583333
41417,13.85106383
41418,16.06666667
41419,13.44680851
41420,10.0212766
41421,10.18367347
41422,9.102040816
41423,10.22916667
41424,13.71428571
41425,13.61702128
41426,12.85106383
41427,16.32653061
41428,13.63265306
41429,10.69387755
41430,10.8125
41431,13.3125
41432,12.32608696
41433,11.61702128
41434,10.10638298
41435,11.06382979
41436,11.25
41437,11.46938776
41438,12.47916667
41439,15.37777778
41440,15.79545455
41441,9.3125
41442,9.204081633
41443,9.979591837
41444,12.04166667
41445,9.666666667
41446,10.4893617
41447,12.91666667
41448,13.65306122
41449,9.93877551
41450,12.27083333
41451,13.93877551
41452,11.27083333
41453,8.145833333
41454,9.87755102
41455,12.14285714
41456,14.81632653
41457,13.73469388
41458,11.55102041
41459,16.51020408
41460,16.89361702
41461,13.46808511
41462,11.14285714
41463,10.87755102
41464,12.8125
41465,11.63265306
41466,9.659574468
41467,10.56521739
41468,11.06521739
41469,14.0625
41470,11.65306122
41471,9.714285714
41472,13.75510204
41473,13.875
41474,18.46808511
41475,12.89583333
41476,14.36734694
41477,11.91836735
41478,13.83333333
41479,14.79166667
41480,11.3125
41481,11.65217391
41482,12.67391304
41483,13.69387755
41484,12.97959184
41485,9.979591837
41486,12.89795918
41487,10.1875
41488,14.4
41489,14.57446809
41490,13.42857143
41491,13.69387755
41492,15.1875
41493,12.70833333
41494,13.14583333
41495,15.08888889
41496,12.22222222
41497,11.46938776
41498,16.89795918
41499,15.89795918
41500,16.83673469
41501,16.8125
41502,17.70212766
41503,15.9787234
41504,17.87755102
41505,15.55102041
41506,15.52083333
41507,13.58333333
41508,15.12244898
41509,18.65957447
41510,13.44680851
41511,12.91489362
41512,11.4893617
41513,11.55319149
41514,10.60416667
41515,14.42857143
41516,19.10204082
41517,14.3125
41518,14.55102041
41519,9.833333333
41520,13
41521,16.93877551
41522,14.26530612
41523,11.70212766
41524,13.44680851
41525,12.12244898
41526,15.45833333
41527,21.93877551
41528,18.77083333
41529,14.29166667
41530,16.02222222
41531,11.74468085
41532,14.41666667
41533,17.27083333
41534,16.61702128
41535,18.5
41536,15.17021277
41537,17.75
41538,12.55555556
41539,13.9375
41540,17.33333333
41541,16.57446809
41542,17.33333333
41543,25.79591837
41544,15.76086957
41545,20.02083333
41546,14.33333333
41547,18.44680851
41548,23.63265306
41549,20.46938776
41550,19.79166667
41551,16.97826087
41552,17.10869565
41553,11.87755102
41554,14.59183673
41555,11.71428571
41556,16.85714286
41558,19.95652174
41559,14.57446809
41560,16.46938776
41561,18.48979592
41562,13.51020408
41563,20.71428571
41564,24.42857143
41565,17.04347826
41566,15.7173913
41567,15.93877551
41568,12.85714286
41569,15.02040816
41570,22.08163265
41571,23.24489796
41572,15.72340426
41573,14.27083333
41574,12.10416667
41575,14.48979592
41576,17.14285714
41577,15.63265306
41578,12.95833333
41579,10.42553191
41580,12.64583333
41581,20.46938776
41582,19.75510204
41583,16.71428571
41584,15.55102041
41585,15.1875
41586,15.29787234
41587,16.66666667
41588,17.45833333
41589,19.5
41590,16.65957447
41591,16.91666667
41592,15.95833333
41593,15.2826087
41594,16.45652174
41595,15.875
41596,17.79166667
41597,17.38297872
41598,15.46938776
41599,14.67391304
41600,15.09090909
41601,13.76086957
41602,14.64583333
41603,13.85714286
41604,15.48979592
41605,14.12244898
41606,15.36170213
41607,18.02040816
41608,18.82608696
41609,14.83333333
41610,14.14285714
41611,12.6122449
41612,15.97959184
41613,20.5
41614,17.2173913
41615,11.5106383
41616,16.30612245
41617,12.66666667
41618,20.79591837
41619,17.40816327
41620,13.89795918
41621,13.04166667
41622,16.30612245
41623,12.16326531
41624,13.91836735
41625,13.04081633
41626,14.4375
41627,17.08333333
41628,15.20833333
41629,18.63265306
41630,14.30612245
41631,13.65306122
41632,14.72916667
41633,10.54166667
41634,14.33333333
41635,13.5106383
41636,16.60416667
41637,22.16666667
41638,12.20833333
41639,11.84782609
41640,17.12765957
41641,15.4375
41642,14.19148936
41643,20.19565217
41644,17.04166667
41645,19.83333333
41646,20.28571429
41647,16.26530612
41648,13.93877551
41649,14.30612245
41650,12.69387755
41651,14.93877551
41652,15.64583333
41653,14.22916667
41654,14.21276596
41655,16.14893617
41656,15.47916667
41657,14.19148936
41658,15.9375
41659,15.12244898
41660,16.46938776
41661,17.66666667
41662,16.10204082
41663,15.42553191
41664,17.14583333
41665,15.80851064
41666,14.5106383
41667,18.8125
41668,15.97959184
41669,14.2244898
41670,13.3877551
41671,13.69387755
41672,14.02083333
41673,18.87755102
41674,22.80851064
41675,17.58333333
41676,16.41666667
41677,14.33333333
41678,13.72916667
41679,19.54166667
41680,15.85416667
41681,14.58695652
41682,12.97916667
41683,11.80851064
41684,9.234042553
41685,10.61702128
41686,15.85416667
41687,12.55102041
41688,10.64583333
41689,14.55102041
41690,17.78723404
41691,16.76595745
41692,15.33333333
41693,15.10204082
41694,11.83333333
41695,13.72916667
41696,13.36734694
41697,15.32653061
41698,16.53191489
41699,13.25
41700,13.36734694
41701,12.18367347
41702,12.08163265
41703,12.47916667
41704,13.60869565
41705,12.81818182
41706,13.48888889
41707,13.08695652
41708,13.47826087
41709,12.34782609
41710,12.55102041
41711,12.12765957
41712,12.06521739
41713,13.35555556
41714,15.95833333
41715,14.70833333
41716,10.79591837
41717,10.4375
41718,13.52083333
41719,14.54347826
41720,12.8
41721,13.04166667
41722,12.46808511
41723,11.8125
41724,11.22916667
41725,9.659574468
41726,9.065217391
41727,9.369565217
41728,8.770833333
41729,10.9375
41730,12.45833333
41731,13.04166667
41732,10.45652174
41733,13.80434783
41734,10.63829787
41735,11.89583333
41736,15.20833333
41737,13.47916667
41738,10.58333333
41739,10.61702128
41740,15.76086957
41741,18.29166667
41742,15.30612245
41743,15.77083333
41744,13.83673469
41745,11.6122449
41746,9.340425532
41747,11.27659574
41748,10.83333333
41749,9.458333333
41750,11.69387755
41751,12.5
41752,9.395833333
41753,13.02272727
41754,10.75
41755,12.2173913
41756,13.10416667
41757,12.89583333
41758,14.68085106
41759,11.58333333
41760,8.777777778
41761,12
41762,15.93023256
41763,18.54347826
41764,13.4893617
41765,10.86666667
41766,12.04255319
41767,15.04444444
41768,13.09302326
41769,10.30232558
41770,9.543478261
41771,11.15217391
41772,10.73913043
41773,10.41304348
41774,13.52173913
41775,14.11363636
41776,13.62222222
41777,12.04255319
41778,11.70833333
41779,10.16666667
41780,8.770833333
41781,11.54347826
41782,9.333333333
41783,10.90909091
41784,11.08333333
41785,11.08333333
41786,14.33333333
41787,13.57446809
41788,8.553191489
41789,10.77083333
41790,9.422222222
41791,10.95744681
41792,7.416666667
41793,10.55319149
41795,8.85106383
41796,12.84782609
41797,14.27659574
41798,11.89130435
41799,12.58333333
41800,13.375
41801,11.85106383
41802,11.04444444
41803,8.5
41804,10.84782609
41805,13.47916667
41806,13.9787234
41807,13.10638298
41808,10.60416667
41809,12.11111111
41810,12.8
41811,11.58695652
41812,11.95833333
41813,17.0625
41814,24.27659574
41815,16.76595745
41816,17.24444444
41817,14.57777778
41818,15.23913043
41819,20.17021277
41820,13.89583333
41821,10.82978723
41822,12.6875
41823,11.57446809
41824,13.23913043
41825,13.80434783
41826,14.70833333
41827,13.39583333
41828,17.3125
41829,12.33333333
41830,15.5
41831,15.56818182
41832,11.75
41833,11.85106383
41834,12.45833333
41835,12.10416667
41836,11.41666667
41837,14.91111111
41838,17.15909091
41839,14.76086957
41840,9.489361702
41841,10.0625
41842,8.446808511
41843,9.416666667
41844,10.95454545
41845,12.18604651
41846,11.11627907
41847,11.65217391
41848,14.60416667
41849,18
41850,17.04166667
41851,21.74468085
41852,17.13043478
41853,12.32608696
41854,10.59574468
41855,11.55319149
41856,11.67391304
41857,12.72916667
41858,9.382978723
41859,9.47826087
41860,11.45652174
41861,14.04166667
41862,11.34042553
41863,13.53191489
41864,15.91489362
41865,12.47826087
41866,9.711111111
41867,10.36956522
41868,13.83333333
41869,20.97916667
41870,15.89361702
41871,12.35416667
41872,12.36956522
41873,12.51111111
41874,12.76086957
41875,11.67391304
41876,12.5
41877,12.73913043
41878,13.625
41879,12.82608696
41880,11.30434783
41881,11.9787234
41882,11.36170213
41883,11.9375
41884,14.5106383
41885,18.93617021
41886,16.0212766
41887,15.44444444
41888,13.86666667
41889,14.32608696
41890,17.89361702
41891,20.08510638
41892,16.27659574
41893,15.56521739
41894,10.84444444
41895,10.21276596
41896,10.33333333
41897,11.91666667
41898,16.23255814
41899,18.72916667
41900,13.44680851
41901,11.56521739
41902,15.19148936
41906,13.52083333
41907,13.47826087
41908,13.2173913
41909,15.08510638
41910,19.59574468
41911,16.12765957
41912,18.08333333
41913,21.66666667
41915,11.19565217
41916,15.80851064
41917,13.85106383
41918,14.29166667
41919,19.29787234
41920,13.89583333
41921,12.10638298
41922,13.08888889
41923,12.04255319
41924,11.83333333
41925,17.82978723
41926,17.58695652
41927,17.12765957
41928,13.02173913
41929,15.25
41930,15.19565217
41931,14.54166667
41932,22.22916667
41933,16.39583333
41934,15.1875
41935,14.52173913
41936,10.23913043
41937,12.39130435
41938,12.47916667
41939,16.14583333
41940,20.125
41941,13.16666667
41942,11.78723404
41943,14.05128205
41944,23.46666667
41945,17.65957447
41946,14.08510638
41947,14.87234043
41948,15.5106383
41949,14.125
41950,14.7826087
41951,14.61702128
41952,16.23404255
41953,15.80851064
41954,14.77083333
41955,11.57446809
41956,15.80851064
41957,15.26086957
41958,11.73333333
41959,18.54166667
41960,16
41961,12.72916667
41962,12.9375
41963,15.59574468
41964,14.73913043
41965,12.55555556
41966,13.0625
41967,12.74468085
41968,18.4375
41969,15.83333333
41970,16.68888889
41971,14.7173913
41972,13.29166667
41973,12.77083333
41974,15.27083333
41975,15
41976,12.10638298
41977,12.52272727
41978,14.41860465
41979,15.84444444
41980,14.29166667
41981,12.33333333
41982,14.19148936
41983,11.9375
41984,20.55555556
41985,21.31818182
41986,20.7173913
41987,12.08510638
41988,11.23404255
41989,14.68085106
41990,16.85106383
41991,13.0212766
41992,16.95652174
41993,13.32608696
41994,13.06521739
41995,12.78723404
41996,15.06382979
41997,13.80434783
41998,13.60465116
41999,18.8372093
42000,13.5
42001,9.85106383
42002,14.74468085
42003,19.72340426
42004,13.375
42005,13.04347826
42006,14.19148936
42007,16.5106383
42008,16.31914894
42009,16.41666667
42010,14.04347826
42011,16.78723404
42012,14.95555556
42013,15.2826087
42014,16.53488372
42015,16.72340426
42016,17.76595745
42017,14.72340426
42018,18.30434783
42019,16.17021277
42020,12.12765957
42021,17.25531915
42022,12.72340426
42023,16
42024,16.65217391
42025,15.29787234
42026,12.26666667
42027,13.22727273
42028,12.86666667
42029,17.95744681
42030,15.93617021
42031,16.17391304
42032,17.76086957
42033,20.06382979
42034,15.91489362
42035,14.72340426
42036,14.42553191
42037,17.72340426
42038,15.43478261
42039,14.53191489
42040,15.65217391
42041,13.93478261
42042,12.78723404
42043,11.66666667
42044,16.78723404
42045,11.66666667
42046,13.41666667
42047,14.70212766
42048,13.70212766
42049,13.53191489
42050,13.46808511
42051,14.77083333
42052,14.72340426
42053,12
42054,12.69565217
42055,9.222222222
42056,11.91304348
42057,13.52083333
42058,14.70212766
42059,13.89361702
42060,14.20833333
42061,10.29166667
42062,11.4375
42063,10.82978723
42064,14.5106383
42065,16.08695652
42066,12.29787234
42067,12.52083333
42068,19.41666667
42069,18.125
42070,10.625
42071,9.854166667
42072,10.76595745
42073,12.30434783
42074,11.35416667
42075,13.61363636
42076,16.47826087
42077,13.63043478
42078,17.7826087
42079,11.91111111
42080,13.7826087
42081,14.13333333
42082,14.09090909
42083,13.04545455
42084,16.4
42085,14.4893617
42086,14.75
42087,12.52173913
42088,12.04255319
42089,15.80434783
42090,15.21276596
42091,9.413043478
42092,10.21276596
42093,9.729166667
42094,10.34042553
42095,11.72340426
42096,15.91304348
42097,12.8
42098,12.76086957
42099,11.125
42100,12.52083333
42101,16.08333333
42102,19.72916667
42103,14.125
42104,15.52083333
42105,11.66666667
42106,12.125
42107,12.3125
42108,11.02083333
42109,11.79166667
42110,12.52173913
42111,10.04347826
42112,14.82608696
42113,17.625
42114,18.78723404
42115,22.78723404
42116,15.91304348
42117,12.06666667
42118,12.21276596
42119,11.3125
42120,14.9787234
42121,14.22916667
42122,12.97826087
42123,13.58333333
42124,11.84090909
42125,14.42222222
42126,13.10869565
42127,10.16666667
42128,13.85416667
42129,17.63829787
42130,16.72916667
42131,15.68085106
42132,13.85416667
42133,14.35416667
42134,17.41666667
42135,18.39583333
42136,18.45833333
42137,17.54166667
42138,17.30434783
42139,15.63043478
42140,14.60869565
42141,12.70833333
42142,11.84782609
42143,11
42144,13.70454545
42145,10.57777778
42146,17.17777778
42147,13.43478261
42148,9.468085106
42149,9.645833333
42150,10.19148936
42151,10.65957447
42152,10.26086957
42153,10.13043478
42154,10.17021277
42155,12.22916667
42156,16.04166667
42157,12.22916667
42158,11.47916667
42159,13.31111111
42160,11.04444444
42161,10.25
42162,12.5625
42163,14.4893617
42164,14.63829787
42165,10.9375
42166,12.91489362
42167,9.617021277
42168,10.57446809
42169,9.914893617
42170,10.5106383
42171,10
42172,9.978723404
42173,12.41304348
42174,12.97826087
42175,10.85106383
42176,10.64583333
42177,15.52083333
42178,11.68085106
42179,11.70833333
42180,11.06382979
42181,10.34782609
42182,10.11111111
42183,9.520833333
42184,9.020833333
42185,8.520833333
42186,8.787234043
42187,13.57446809
42188,9.212765957
42189,10.04255319
42190,9.617021277
42191,10.22916667
42192,10.54166667
42193,12.27659574
42194,10.08888889
42195,11.82608696
42196,13.10869565
42197,16.72916667
42198,18.33333333
42199,14.29166667
42200,9.375
42201,13.69565217
42202,16.69565217
42203,11.75
42204,11.47916667
42205,11.41304348
42206,13.625
42207,13.93617021
42208,9.891304348
42209,11.43478261
42210,13.34782609
42211,16.04166667
42212,13.66666667
42213,10.91489362
42214,10.875
42215,14.60416667
42216,10.08333333
42217,14.3125
42218,13.25
42219,16.54166667
42220,11.14583333
42221,16.72916667
42222,13.77083333
42223,10.20833333
42224,9.666666667
42225,10.91666667
42226,15.8125
42227,13.78723404
42228,10.52083333
42229,14.10638298
42230,9.872340426
42231,8.854166667
42232,9.1875
42233,12.6875
42234,10.6875
42235,10.25
42236,15.15217391
42237,12.5
42238,13.84782609
42239,10.97916667
42240,16.04255319
42241,17.78723404
42242,12.14893617
42243,9.520833333
42244,15.27083333
42245,13.72916667
42246,12.3125
42247,11.10638298
42248,13.86956522
42249,12.89361702
42250,15.04347826
42251,13.63043478
42252,11.10869565
42253,12.70212766
42254,15.40425532
42255,17.33333333
42256,13.06818182
42257,16.22222222
42258,14.9787234
42259,13.61702128
42260,12.40425532
42261,14.77272727
42262,18.11111111
42263,11.93478261
42264,11.78723404
42265,14.52173913
42266,15.26086957
42267,11.12765957
42268,15.29787234
42269,20.13043478
42270,22.04347826
42271,20.7173913
42272,18.19565217
42273,14.375
42274,14.22916667
42275,11.0625
42276,12.64583333
42277,12.77083333
42278,12.29166667
42279,13.27083333
42280,16.72916667
42281,12.02083333
42282,13.97916667
42283,15.10416667
42284,21.75
42285,15.72916667
42286,14.08333333
42287,12.45833333
42288,10.85416667
42289,12.95833333
42290,14.10416667
42291,11.79166667
42292,14.55319149
42293,12.30434783
42294,15.46808511
42295,15.875
42296,11.95833333
42297,12.21276596
42298,13.46808511
42299,15.59574468
42300,16.5106383
42301,11.58333333
42302,13.76595745
42303,18.65957447
42304,20.68085106
42305,14.64583333
42306,11.17021277
42307,12.39583333
42308,12.95744681
42309,15.10416667
42310,13.65217391
42311,15.17391304
42312,13.65217391
42313,14.42553191
42314,14.68085106
42315,15.41304348
42316,13.06382979
42317,13.61702128
42318,13.1875
42319,14.29787234
42320,11.9787234
42321,15.53333333
42322,16.53333333
42323,18.30434783
42324,12.02173913
42325,13.76086957
42326,15.14893617
42327,12.77083333
42328,14.91489362
42329,19.0212766
42330,16.47916667
42331,15.125
42332,14.89583333
42333,15.69565217
42334,23.91666667
42335,16.45833333
42336,12.76595745
42337,11.77083333
42338,15.89583333
42339,17.89361702
42340,18.5625
42341,14.875
42342,13.83333333
42343,14.16666667
42344,14.74468085
42345,15.89583333
42346,15.45833333
42347,15.29166667
42348,11.375
42349,17.21276596
42350,14.30434783
42351,13.35416667
42352,10.04166667
42353,10.35416667
42354,13.54166667
42355,13.72340426
42356,12.93617021
42357,17.35416667
42358,18.875
42359,17.85416667
42360,17.23404255
42361,14.04166667
42362,18.10869565
42363,20.15909091
42364,18.67391304
42365,18.3125
42366,18.0625
42367,14.95833333
42368,13.20833333
42369,14.74468085
42370,15.27272727
42371,16.77083333
42372,18.875
42373,15.08333333
42374,16.72340426
42375,17.27083333
42376,19.26190476
42377,12.71794872
42378,11.79166667
42379,10.53191489
42380,11.16666667
42381,13.9787234
42382,13.70833333
42383,18.06521739
42384,19.54347826
42385,16.375
42386,15.39583333
42387,12.27659574
42388,12.10638298
42389,12.89130435
42390,12.15217391
42391,9.760869565
42392,14.69767442
42393,12.80851064
42394,15.91304348
42395,13.80434783
42396,14.43478261
42397,14.40909091
42398,12.64444444
42399,12.65957447
42400,13.93617021
42401,11.87234043
42402,13.78723404
42403,14.19565217
42404,20.08510638
42405,19.20833333
42406,16.14583333
42407,12.02173913
42408,13.68085106
42409,17.17021277
42410,12.72916667
42411,12.58333333
42412,11.8125
42413,13.34782609
42414,15.10638298
42415,13.89130435
42416,16.5
42417,15.875
42418,12.72916667
42419,14.4375
42420,16.16666667
42421,13.32608696
42422,11.80851064
42423,13.40425532
42424,14.23404255
42425,13.04255319
42426,17.30434783
42427,15.34042553
42428,12.91489362
42429,12.53191489
42430,10.29787234
42431,10.59574468
42432,13.31914894
42433,12.65957447
42434,11.87234043
42435,11.56521739
42436,13.06382979
42437,12.02083333
42438,13.30434783
42439,11.04166667
42440,9.9375
42441,10.0625
42442,14.2826087
42443,14.95744681
42444,15.5
42445,14.06521739
42446,13.80952381
42447,17.7173913
42448,11.67391304
42449,13.86956522
42450,12.91489362
42451,13.39583333
42452,10.91666667
42453,9.85106383
42454,12.14893617
42455,10.10416667
42456,10.91666667
42457,10.52083333
42458,11.58333333
42459,10.39583333
42460,10.4375
42461,10.89583333
42462,10.54166667
42463,12.77083333
42464,11.97916667
42465,15.5
42466,12.77083333
42467,13.875
42468,10.16666667
42469,11.85106383
42470,14.36956522
42471,14.9375
42472,13.125
42473,11.38297872
42474,10.10416667
42475,10.70833333
42476,11.875
42477,14.77083333
42478,10.9375
42479,9.041666667
42480,10.41666667
42481,11.63829787
42482,13.40425532
42483,16.125
42484,15.27083333
42485,13.0212766
42486,14.08333333
42487,14.54166667
42488,12.36170213
42489,12.375
42490,12.625
42491,17.79166667
42492,12.02040816
42493,16.59574468
42494,12.27083333
42495,12.6875
42496,12.14893617
42497,10.72916667
42498,12.27083333
42499,15.73469388
42500,18.46938776
42501,16.97959184
42502,17.87755102
42503,14.36734694
42504,12.12244898
42505,14.40816327
42506,10.02040816
42507,14.14285714
42508,9.918367347
42509,12.35416667
42510,8.586956522
42511,12.5
42512,13.85714286
42513,15.85714286
42514,13.30612245
42515,12.7755102
42516,11.69387755
42517,15.39583333
42518,11.02083333
42519,11.16326531
42520,10.63265306
42521,10.73469388
42522,9.530612245
42523,10.65217391
42524,10.30612245
42525,13.14583333
42526,15.34693878
42527,15.91836735
42528,14.57142857
42529,15.02040816
42530,15.95918367
42531,12.85714286
42532,15.29166667
42533,13.14893617
42534,11.85106383
42535,12.82608696
42536,9.659574468
42537,12.93617021
42538,10.9375
42539,9.9375
42540,11.4375
42541,14.10416667
42542,17.40425532
42543,16.95833333
42544,15.1875
42545,17.7755102
42546,12.83673469
42547,10.46938776
42548,11.57142857
42549,14.73469388
42550,11.97959184
42551,15.24489796
42552,12.14285714
42553,11.33333333
42554,11.93877551
42555,12.0625
42556,8.520833333
42557,18.5
42558,14.28571429
42559,11.18367347
42560,10.1875
42561,14.34693878
42562,19.77083333
42563,19.6122449
42564,22.40816327
42565,18.3877551
42566,12.34693878
42567,10.32653061
42568,12.79591837
42569,13.78723404
42570,8.448979592
42571,10.125
42572,11
42573,18.40816327
42574,21.28571429
42575,11.87755102
42576,16.46938776
42577,14.67346939
42578,15.73469388
42579,13.75
42580,13.55102041
42581,13.41666667
42582,14.16326531
42583,11.34693878
42584,12.45833333
42585,18.0625
42586,15
42587,11.3125
42588,10.1875
42589,9.8125
42590,12.22916667
42591,14.60416667
42592,16.60416667
42593,15.60416667
42594,12.31914894
42595,13.14893617
42596,12.375
42597,12.04166667
42598,13.79166667
42599,12.95833333
42600,13.38297872
42601,16.83333333
42602,17.43478261
42603,12.97916667
42604,10.47916667
42605,10.8125
42606,10.17021277
42607,13.27083333
42608,14.60416667
42609,13.87755102
42610,15.95918367
42611,13.34693878
42612,13.79591837
42613,14.97959184
42614,9.638297872
42615,12.10638298
42616,18.36170213
42617,13.26530612
42618,12.36734694
42619,11.57142857
42620,14.20408163
42621,15.64583333
42622,15.83333333
42623,16.9375
42624,11.66666667
42625,10.875
42626,14.10204082
42627,16.56818182
42628,20.5625
42629,14.27659574
42630,14.0625
42631,13.2244898
42632,16.24489796
42633,13.55102041
42634,12.54166667
42635,14.52083333
42636,16.70833333
42637,11.97916667
42638,15.87755102
42639,13.12244898
42640,17.06122449
42641,16.21276596
42642,19.54166667
42643,20.55319149
42644,24.54761905
42645,20.7173913
42646,20.20408163
42647,20.51020408
42648,18.30612245
42649,15.48979592
42650,17.16326531
42651,16.53061224
42652,20.70212766
42653,19.13953488
42654,18.93877551
42655,14.28571429
42656,16.34693878
42657,15
42658,17.16666667
42659,20.6875
42660,19.625
42661,15.83333333
42662,13.33333333
42663,17.30612245
42664,17.34693878
42665,19.32653061
42666,17.12244898
42667,13.28571429
42668,14.16326531
42669,12.36734694
42670,16.06122449
42671,12.51020408
42672,12.40816327
42673,19.51020408
42674,20.08333333
42675,14.83333333
42676,14.54166667
42677,13.23404255
42678,14.79166667
42679,22.33333333
42680,17.875
42681,17.65306122
42682,13.48979592
42683,13.67346939
42684,11.625
42685,14.28888889
42686,18
42687,19.4375
42688,22.0212766
42689,16.85714286
42690,11.83673469
42691,14.02083333
42692,11.89130435
42693,13.82978723
42694,13.02083333
42695,14.97916667
42696,13.95833333
42697,14.75
42698,16.59183673
42699,16.74468085
42700,14.95744681
42701,13.83333333
42702,11.08510638
42703,12.55319149
42704,12.43478261
42705,11.2826087
42706,12.78723404
42707,13.27659574
42708,13.12765957
42709,14.97826087
42710,10.97826087
42711,14.42553191
42712,18.53333333
42713,20.68181818
42714,13.35555556
42715,13.85106383
42716,13.74468085
42717,17.52173913
42718,18.39130435
42719,16.74468085
42720,13.77272727
42721,19.8372093
42722,16.17021277
42723,16
42724,17.57142857
42725,17.14893617
42726,15.1875
42727,13.77272727
42728,11.95238095
42729,13.66666667
42730,13.91304348
42731,15.45454545
42732,18.25
42733,13.97674419
42734,12.5
42735,14.10869565
42736,12.74468085
42737,17.59183673
42738,17.71428571
42739,17.29787234
42740,14.44897959
42741,14.77083333
42742,14.10416667
42743,13.39583333
42744,11.71428571
42745,12.44897959
42746,13.73469388
42747,14.32653061
42748,15.625
42749,17.08510638
42750,12.75510204
42751,14.04166667
42752,12.43478261
42753,22.53191489
42754,17.93877551
42755,16.59574468
42756,14.13043478
42757,13.87755102
42758,12.91489362
42759,18.34782609
42760,14.08695652
42761,14.57142857
42762,12.875
42763,11.97916667
42764,12.4375
42765,14.0212766
42766,15.04166667
42767,11.16666667
42768,15.04255319
42769,12.0212766
42770,10.5106383
42771,14.75510204
42772,16.23913043
42773,17.17391304
42774,19.3125
42775,16.6875
42776,11.66666667
42777,13.4893617
42778,17.16326531
42779,19.02040816
42780,14.24489796
42781,13.89795918
42782,10.60416667
42783,12.57446809
42784,15.31914894
42786,15.0625
42787,12.77083333
42788,14.57142857
42789,14.10204082
42790,14
42791,16.9375
42792,15.14285714
42793,14.14285714
42794,12.65306122
42795,11.58333333
42796,10.79166667
42797,12.5106383
42798,13.58695652
42799,13.83333333
42800,17.69387755
42801,17.10204082
42802,14.25531915
42803,13.91666667
42804,12.89361702
42805,10.70212766
42807,13.02040816
42808,14.63829787
42809,17.14893617
42810,15.24489796
42811,16.5625
42812,16.15555556
42813,13.25
42817,14.08163265
42818,12.70833333
42819,10.82978723
42820,10.53061224
42821,15.27083333
42822,12.9375
42823,13.45652174
42824,14.5
42825,13.93617021
42826,11.875
42827,17.20833333
42828,16.4375
42829,14.02083333
42830,12.47916667
42831,11.58333333
42832,13.68085106
42833,12.9375
42834,16.68085106
42835,20.71428571
42836,15.04255319
42837,14.125
42838,10.5625
42839,8.70212766
42840,10.28571429
42841,11.81632653
42842,10.53061224
42843,10.27083333
42844,11.2244898
42845,11.10204082
42846,11.34782609
42847,10.31914894
42848,10.91836735
42849,9.653061224
42850,11.89795918
42851,16.25531915
42852,14.16666667
42853,12.74468085
42854,10.0625
42855,9.469387755
42856,12.70833333
42857,12.08333333
42858,14.85714286
42859,11.14285714
42860,9
42861,12.57142857
42862,13.53061224
42863,11.3877551
42864,11.32653061
42865,10.53061224
42866,9.857142857
42867,10
42868,7.673469388
42869,10.34693878
42870,11.83673469
42871,10.875
42872,11.17021277
42873,10.28571429
42874,11.4375
42875,9.604166667
42876,11.24489796
42877,11.85714286
42878,10.63829787
42879,12
42880,11.30612245
42881,7.666666667
42882,11.73913043
42883,12.24489796
42884,11.72916667
42885,12.14893617
42886,12.19148936
42887,11.65957447
42888,10.5625
42889,9.125
42890,8.791666667
42891,8.166666667
42892,12.80851064
42893,12
42894,10.625
42895,11.2244898
42896,11.73469388
42897,10.20833333
42898,9.897959184
42899,10.875
42900,9.8125
42901,8.816326531
42902,8.75
42903,8.0625
42904,11.52083333
42905,11.4375
42906,11.57446809
42907,8.5625
42908,11.29166667
42909,12.34693878
42910,9.770833333
42911,10.175
40066,16.69047619
40218,13.36363636
40235,17.09756098
40238,21.72093023
40247,15.41860465
40394,10.92682927
40796,20.88636364
40797,17.17777778
40798,15.02222222
40799,15.06666667
40826,12.66666667
41187,16.80487805
41401,12.64583333
41402,14.4375
41403,14.44680851
41557,16.54166667
41794,10.06521739
41903,16.56521739
41904,13.63829787
41905,13.36170213
41914,15.2826087
42785,14.91304348
42806,11.45833333
42814,12.40425532
42815,12.23404255
42816,13.95744681
40220,9.948717949
40226,13.95348837
39797,16.68181818
